"M_Date","Destination","Origin","M_Size"
"1/31/16","Rural Damascus","Al-Hasakeh",20
"1/31/16","Al-Hasakeh","Ar-Raqqa",106
"1/31/16","Rural Damascus","Damascus",45
"1/31/16","Quneitra","Dar'a",35
"1/31/16","Al-Hasakeh","Deir-ez-Zor",599
"1/31/16","Rural Damascus","Deir-ez-Zor",60
"1/31/16","Deir-ez-Zor","Homs",83
"1/31/16","Dar'a","Rural Damascus",73
"2/28/16","Deir-ez-Zor","Al-Hasakeh",4135
"2/28/16","Al-Hasakeh","Ar-Raqqa",598
"2/28/16","Al-Hasakeh","Damascus",4
"2/28/16","Rural Damascus","Damascus",245
"2/28/16","Quneitra","Dar'a",195
"2/28/16","Al-Hasakeh","Deir-ez-Zor",76
"2/28/16","Deir-ez-Zor","Homs",170
"2/28/16","Quneitra","Rural Damascus",5
"3/31/16","Deir-ez-Zor","Al-Hasakeh",3763
"3/31/16","Al-Hasakeh","Ar-Raqqa",245
"3/31/16","Deir-ez-Zor","Ar-Raqqa",18
"3/31/16","Deir-ez-Zor","Damascus",26
"3/31/16","Rural Damascus","Damascus",95
"3/31/16","Quneitra","Dar'a",305
"3/31/16","Deir-ez-Zor","Homs",112
"3/31/16","Dar'a","Quneitra",15
"3/31/16","Dar'a","Rural Damascus",15
"3/31/16","Deir-ez-Zor","Rural Damascus",14
"3/31/16","Quneitra","Rural Damascus",150
"4/30/16","Deir-ez-Zor","Al-Hasakeh",852
"4/30/16","Al-Hasakeh","Ar-Raqqa",463
"4/30/16","Deir-ez-Zor","Ar-Raqqa",150
"4/30/16","Rural Damascus","Damascus",40
"4/30/16","Quneitra","Dar'a",135
"4/30/16","Al-Hasakeh","Deir-ez-Zor",225
"4/30/16","Deir-ez-Zor","Homs",529
"4/30/16","Rural Damascus","Homs",50
"4/30/16","Dar'a","Rural Damascus",1380
"4/30/16","Quneitra","Rural Damascus",5
"5/31/16","Deir-ez-Zor","Al-Hasakeh",226
"5/31/16","Al-Hasakeh","Ar-Raqqa",410
"5/31/16","Deir-ez-Zor","Ar-Raqqa",594
"5/31/16","Dar'a","As-Sweida",60
"5/31/16","Rural Damascus","Damascus",25
"5/31/16","Quneitra","Dar'a",34
"5/31/16","Al-Hasakeh","Deir-ez-Zor",16
"5/31/16","Dar'a","Homs",5
"5/31/16","Deir-ez-Zor","Homs",170
"5/31/16","Dar'a","Rural Damascus",65
"5/31/16","Quneitra","Rural Damascus",35
"6/30/16","Deir-ez-Zor","Al-Hasakeh",91
"6/30/16","Al-Hasakeh","Ar-Raqqa",830
"6/30/16","Deir-ez-Zor","Ar-Raqqa",650
"6/30/16","Dar'a","As-Sweida",30
"6/30/16","Rural Damascus","Damascus",77
"6/30/16","Quneitra","Dar'a",20
"6/30/16","Al-Hasakeh","Deir-ez-Zor",165
"6/30/16","Deir-ez-Zor","Homs",35
"6/30/16","Dar'a","Rural Damascus",15
"6/30/16","Quneitra","Rural Damascus",34
"7/31/16","Deir-ez-Zor","Al-Hasakeh",352
"7/31/16","Al-Hasakeh","Ar-Raqqa",723
"7/31/16","Dar'a","Ar-Raqqa",14
"7/31/16","Deir-ez-Zor","Ar-Raqqa",188
"7/31/16","Rural Damascus","Ar-Raqqa",1500
"7/31/16","Quneitra","Damascus",8
"7/31/16","Rural Damascus","Damascus",105
"7/31/16","Al-Hasakeh","Deir-ez-Zor",3
"7/31/16","Rural Damascus","Deir-ez-Zor",47
"7/31/16","Dar'a","Rural Damascus",15
"7/31/16","Quneitra","Rural Damascus",4
"8/31/16","Deir-ez-Zor","Al-Hasakeh",142
"8/31/16","Al-Hasakeh","Ar-Raqqa",87
"8/31/16","Dar'a","Ar-Raqqa",10
"8/31/16","Deir-ez-Zor","Ar-Raqqa",144
"8/31/16","Deir-ez-Zor","Damascus",11
"8/31/16","Rural Damascus","Damascus",29
"8/31/16","Quneitra","Dar'a",8
"8/31/16","Dar'a","Rural Damascus",62
"8/31/16","Quneitra","Rural Damascus",28
"9/30/16","Al-Hasakeh","Ar-Raqqa",300
"10/31/16","Deir-ez-Zor","Al-Hasakeh",76
"10/31/16","Al-Hasakeh","Ar-Raqqa",55
"10/31/16","Dar'a","Ar-Raqqa",4
"10/31/16","Deir-ez-Zor","Ar-Raqqa",74
"10/31/16","Quneitra","Dar'a",36
"10/31/16","Al-Hasakeh","Deir-ez-Zor",4805
"10/31/16","Dar'a","Homs",7
"10/31/16","Al-Hasakeh","Idleb",70
"10/31/16","Rural Damascus","Quneitra",90
"10/31/16","Al-Hasakeh","Rural Damascus",11
"10/31/16","Dar'a","Rural Damascus",44
"10/31/16","Quneitra","Rural Damascus",9
"11/30/16","Deir-ez-Zor","Al-Hasakeh",25
"11/30/16","Al-Hasakeh","Ar-Raqqa",144
"11/30/16","Deir-ez-Zor","Ar-Raqqa",112
"11/30/16","Dar'a","Damascus",8
"11/30/16","Rural Damascus","Damascus",18
"11/30/16","Quneitra","Dar'a",47
"11/30/16","Al-Hasakeh","Deir-ez-Zor",1843
"11/30/16","Rural Damascus","Deir-ez-Zor",172
"11/30/16","Deir-ez-Zor","Homs",23
"11/30/16","Rural Damascus","Idleb",48
"11/30/16","Al-Hasakeh","Rural Damascus",3
"11/30/16","Dar'a","Rural Damascus",61
"11/30/16","Quneitra","Rural Damascus",35
"12/31/16","Deir-ez-Zor","Al-Hasakeh",35
"12/31/16","Al-Hasakeh","Ar-Raqqa",324
"12/31/16","Deir-ez-Zor","Ar-Raqqa",94
"12/31/16","Dar'a","Damascus",8
"12/31/16","Quneitra","Dar'a",42
"12/31/16","Al-Hasakeh","Deir-ez-Zor",1836
"12/31/16","Rural Damascus","Deir-ez-Zor",20
"12/31/16","Deir-ez-Zor","Homs",12
"12/31/16","Rural Damascus","Homs",75
"12/31/16","Deir-ez-Zor","Idleb",10
"12/31/16","Dar'a","Rural Damascus",61
"12/31/16","Quneitra","Rural Damascus",35
"1/31/17","Quneitra","Rural Damascus",4
"1/31/17","Dar'a","Rural Damascus",5
"1/31/17","Rural Damascus","Damascus",7
"1/31/17","Deir-ez-Zor","Homs",29
"1/31/17","Deir-ez-Zor","Ar-Raqqa",65
"1/31/17","Deir-ez-Zor","Al-Hasakeh",119
"1/31/17","Rural Damascus","Deir-ez-Zor",200
"1/31/17","Al-Hasakeh","Deir-ez-Zor",488
"1/31/17","Al-Hasakeh","Ar-Raqqa",548
"2/28/17","Dar'a","Rural Damascus",4
"2/28/17","Deir-ez-Zor","Homs",7
"2/28/17","Dar'a","Damascus",15
"2/28/17","Deir-ez-Zor","Dar'a",30
"2/28/17","Deir-ez-Zor","Al-Hasakeh",77
"2/28/17","Deir-ez-Zor","Ar-Raqqa",383
"2/28/17","Al-Hasakeh","Ar-Raqqa",439
"2/28/17","Al-Hasakeh","Deir-ez-Zor",722
"2/28/17","Rural Damascus","Damascus",15097
"3/31/17","Deir-ez-Zor","Homs",8
"3/31/17","Deir-ez-Zor","Dar'a",12
"3/31/17","Dar'a","Homs",16
"3/31/17","Deir-ez-Zor","As-Sweida",18
"3/31/17","Rural Damascus","Deir-ez-Zor",25
"3/31/17","Al-Hasakeh","Deir-ez-Zor",49
"3/31/17","Deir-ez-Zor","Al-Hasakeh",119
"3/31/17","Dar'a","Rural Damascus",128
"3/31/17","Rural Damascus","Ar-Raqqa",250
"3/31/17","Deir-ez-Zor","Ar-Raqqa",752
"3/31/17","Al-Hasakeh","Ar-Raqqa",4426
"3/31/17","Rural Damascus","Damascus",13290
"4/30/17","Rural Damascus","Hama",4
"4/30/17","Rural Damascus","Dar'a",30
"4/30/17","Rural Damascus","Homs",31
"4/30/17","Deir-ez-Zor","Al-Hasakeh",70
"4/30/17","Quneitra","Rural Damascus",115
"4/30/17","Rural Damascus","Damascus",406
"4/30/17","Quneitra","Dar'a",418
"4/30/17","Rural Damascus","Idleb",1263
"4/30/17","Deir-ez-Zor","Ar-Raqqa",1445
"4/30/17","Al-Hasakeh","Ar-Raqqa",1451
"4/30/17","Al-Hasakeh","Deir-ez-Zor",2222
"4/30/17","Rural Damascus","Ar-Raqqa",2935
"5/31/17","Rural Damascus","Hama",7
"5/31/17","Rural Damascus","Damascus",11
"5/31/17","Rural Damascus","Deir-ez-Zor",11
"5/31/17","Al-Hasakeh","Idleb",45
"5/31/17","Quneitra","Rural Damascus",54
"5/31/17","Dar'a","Rural Damascus",129
"5/31/17","Quneitra","Dar'a",176
"5/31/17","Al-Hasakeh","Deir-ez-Zor",228
"5/31/17","Rural Damascus","Idleb",1170
"5/31/17","Deir-ez-Zor","Ar-Raqqa",1215
"5/31/17","Rural Damascus","Ar-Raqqa",2364
"5/31/17","Al-Hasakeh","Ar-Raqqa",3776
"6/30/17","Al-Hasakeh","Homs",11
"6/30/17","Rural Damascus","Deir-ez-Zor",18
"6/30/17","Rural Damascus","Dar'a",20
"6/30/17","Rural Damascus","Idleb",23
"6/30/17","Rural Damascus","Hama",28
"6/30/17","Quneitra","Rural Damascus",30
"6/30/17","Dar'a","Rural Damascus",36
"6/30/17","Deir-ez-Zor","Al-Hasakeh",88
"6/30/17","Rural Damascus","Homs",148
"6/30/17","Al-Hasakeh","Deir-ez-Zor",509
"6/30/17","Quneitra","Dar'a",760
"6/30/17","Deir-ez-Zor","Ar-Raqqa",1312
"6/30/17","Al-Hasakeh","Ar-Raqqa",4308
"7/31/17","Quneitra","Rural Damascus",5
"7/31/17","Dar'a","Rural Damascus",16
"7/31/17","Rural Damascus","Damascus",24
"7/31/17","Rural Damascus","Hama",36
"7/31/17","Deir-ez-Zor","Hama",49
"7/31/17","Deir-ez-Zor","Ar-Raqqa",897
"7/31/17","Al-Hasakeh","Ar-Raqqa",1165
"7/31/17","Al-Hasakeh","Deir-ez-Zor",6781
"8/31/17","Rural Damascus","Hama",8
"8/31/17","Quneitra","Homs",10
"8/31/17","Rural Damascus","Lattakia",17
"8/31/17","Rural Damascus","Deir-ez-Zor",25
"8/31/17","Quneitra","Dar'a",50
"8/31/17","Quneitra","Rural Damascus",165
"8/31/17","Dar'a","As-Sweida",400
"8/31/17","Rural Damascus","Dar'a",560
"8/31/17","Rural Damascus","Damascus",645
"8/31/17","Deir-ez-Zor","Homs",1032
"8/31/17","Al-Hasakeh","Ar-Raqqa",1242
"8/31/17","Deir-ez-Zor","Ar-Raqqa",1601
"8/31/17","Al-Hasakeh","Deir-ez-Zor",4931
"9/30/17","Al-Hasakeh","Deir-ez-Zor",34139
"9/30/17","Rural Damascus","Damascus",315
"9/30/17","Rural Damascus","Ar-Raqqa",270
"9/30/17","Quneitra","Rural Damascus",120
"9/30/17","Quneitra","Dar'a",20
"9/30/17","Rural Damascus","Deir-ez-Zor",15
"10/31/17","Al-Hasakeh","Deir-ez-Zor",84366
"10/31/17","Al-Hasakeh","Ar-Raqqa",169
"10/31/17","Rural Damascus","Deir-ez-Zor",1200
"10/31/17","Deir-ez-Zor","Hama",132
"10/31/17","Rural Damascus","Hama",12
"10/31/17","Al-Hasakeh","Idleb",22
"10/31/17","Dar'a","Rural Damascus",40
"10/31/17","Rural Damascus","Ar-Raqqa",40
"10/31/17","Rural Damascus","Damascus",142
"10/31/17","Quneitra","Rural Damascus",50
"11/30/17","Al-Hasakeh","Deir-ez-Zor",112398
"11/30/17","Rural Damascus","Deir-ez-Zor",13715
"11/30/17","Quneitra","Dar'a",65
"11/30/17","Al-Hasakeh","Ar-Raqqa",200
"11/30/17","Rural Damascus","Al-Hasakeh",71
"11/30/17","Quneitra","Rural Damascus",30
"11/30/17","Rural Damascus","Damascus",130
"11/30/17","Al-Hasakeh","Damascus",25
"11/30/17","Deir-ez-Zor","Al-Hasakeh",15
"12/31/17","Al-Hasakeh","Deir-ez-Zor",4326
"1/31/18","Al-Hasakeh","Deir-ez-Zor",4021
"1/31/18","Dar'a","Rural Damascus",150
"1/31/18","Quneitra","Dar'a",200
"1/31/16","Homs","Hama",860
"2/28/16","Homs","Ar-Raqqa",102
"2/28/16","Homs","Hama",4998
"3/31/16","Homs","Hama",1380
"4/30/16","Homs","Damascus",20
"4/30/16","Homs","Hama",78
"5/31/16","Homs","Hama",93
"6/30/16","Homs","Dar'a",22
"6/30/16","Homs","Hama",4539
"7/31/16","Homs","Dar'a",41
"7/31/16","Homs","Hama",200
"7/31/16","Homs","Idleb",28
"7/31/16","Homs","Lattakia",60
"8/31/16","Homs","Hama",14
"8/31/16","Homs","Idleb",8
"10/31/16","Homs","Hama",171
"11/30/16","Homs","Dar'a",4
"11/30/16","Homs","Deir-ez-Zor",8
"11/30/16","Homs","Hama",33
"11/30/16","Homs","Rural Damascus",4
"12/31/16","Homs","Hama",4
"12/31/16","Homs","Idleb",20
"1/31/17","Homs","Dar'a",8
"1/31/17","Homs","Rural Damascus",24
"1/31/17","Homs","Hama",78
"1/31/17","Homs","Idleb",856
"2/28/17","Homs","Lattakia",4
"2/28/17","Homs","Idleb",12
"2/28/17","Homs","Rural Damascus",20
"2/28/17","Homs","Hama",22
"3/31/17","Homs","Al-Hasakeh",16
"3/31/17","Homs","Hama",2272
"4/30/17","Homs","Ar-Raqqa",26
"4/30/17","Homs","Hama",34
"4/30/17","Homs","Al-Hasakeh",39
"4/30/17","Homs","Idleb",11000
"5/31/17","Homs","Hama",12
"5/31/17","Homs","Al-Hasakeh",71
"5/31/17","Homs","Idleb",540
"6/30/17","Homs","Al-Hasakeh",8
"6/30/17","Homs","Hama",15
"7/31/17","Homs","Deir-ez-Zor",11
"7/31/17","Homs","Idleb",15
"7/31/17","Homs","Al-Hasakeh",118
"8/31/17","Homs","Deir-ez-Zor",31
"8/31/17","Homs","Ar-Raqqa",50
"8/31/17","Homs","Al-Hasakeh",81
"8/31/17","Homs","Hama",167
"8/31/17","Homs","Rural Damascus",269
"9/30/17","Homs","Hama",112
"9/30/17","Homs","Deir-ez-Zor",38
"9/30/17","Homs","Idleb",6
"10/31/17","Homs","Al-Hasakeh",51
"10/31/17","Homs","Dar'a",12
"10/31/17","Homs","Ar-Raqqa",23
"10/31/17","Homs","Deir-ez-Zor",38
"10/31/17","Homs","Hama",20
"11/30/17","Homs","Ar-Raqqa",12
"11/30/17","Homs","Deir-ez-Zor",160
"11/30/17","Homs","Tartous",60
"11/30/17","Homs","Al-Hasakeh",14
"11/30/17","Homs","Hama",36
"11/30/17","Homs","Dar'a",24
"11/30/17","Homs","Rural Damascus",4
"1/31/16","Ar-Raqqa","Al-Hasakeh",5
"1/31/16","Ar-Raqqa","Deir-ez-Zor",45
"1/31/16","Ar-Raqqa","Hama",83
"1/31/16","Ar-Raqqa","Homs",59
"1/31/16","Ar-Raqqa","Idleb",18
"1/31/16","Ar-Raqqa","Rural Damascus",35
"2/28/16","Ar-Raqqa","Damascus",25
"2/28/16","Ar-Raqqa","Deir-ez-Zor",15
"2/28/16","Ar-Raqqa","Hama",90
"2/28/16","Ar-Raqqa","Homs",54
"2/28/16","Ar-Raqqa","Idleb",82
"2/28/16","Ar-Raqqa","Rural Damascus",6
"3/31/16","Ar-Raqqa","Al-Hasakeh",18
"3/31/16","Ar-Raqqa","Deir-ez-Zor",10
"3/31/16","Ar-Raqqa","Hama",10
"3/31/16","Ar-Raqqa","Homs",10217
"3/31/16","Ar-Raqqa","Idleb",20
"3/31/16","Ar-Raqqa","Rural Damascus",30
"4/30/16","Ar-Raqqa","Deir-ez-Zor",36
"4/30/16","Ar-Raqqa","Hama",558
"4/30/16","Ar-Raqqa","Homs",3741
"5/31/16","Ar-Raqqa","Al-Hasakeh",5
"5/31/16","Ar-Raqqa","Deir-ez-Zor",67
"5/31/16","Ar-Raqqa","Hama",7
"5/31/16","Ar-Raqqa","Homs",72
"5/31/16","Ar-Raqqa","Idleb",7
"5/31/16","Ar-Raqqa","Rural Damascus",170
"6/30/16","Ar-Raqqa","Deir-ez-Zor",32
"6/30/16","Ar-Raqqa","Homs",11
"6/30/16","Ar-Raqqa","Rural Damascus",5
"7/31/16","Ar-Raqqa","Al-Hasakeh",4
"7/31/16","Ar-Raqqa","Deir-ez-Zor",281
"7/31/16","Ar-Raqqa","Hama",4
"7/31/16","Ar-Raqqa","Homs",45
"8/31/16","Ar-Raqqa","Deir-ez-Zor",11
"10/31/16","Ar-Raqqa","Deir-ez-Zor",30
"10/31/16","Ar-Raqqa","Hama",10
"10/31/16","Ar-Raqqa","Homs",35
"10/31/16","Ar-Raqqa","Rural Damascus",5
"11/30/16","Ar-Raqqa","Deir-ez-Zor",9
"11/30/16","Ar-Raqqa","Hama",47
"12/31/16","Ar-Raqqa","Deir-ez-Zor",126
"12/31/16","Ar-Raqqa","Hama",20
"12/31/16","Ar-Raqqa","Homs",172
"12/31/16","Ar-Raqqa","Idleb",5
"1/31/17","Ar-Raqqa","Homs",28
"2/28/17","Ar-Raqqa","Deir-ez-Zor",11
"4/30/17","Ar-Raqqa","Hama",2
"5/31/17","Ar-Raqqa","Deir-ez-Zor",70
"6/30/17","Ar-Raqqa","Deir-ez-Zor",39
"7/31/17","Ar-Raqqa","Homs",156
"7/31/17","Ar-Raqqa","Hama",233
"7/31/17","Ar-Raqqa","Deir-ez-Zor",523
"8/31/17","Ar-Raqqa","Homs",6
"8/31/17","Ar-Raqqa","Hama",342
"8/31/17","Ar-Raqqa","Deir-ez-Zor",1324
"9/30/17","Ar-Raqqa","Deir-ez-Zor",24550
"9/30/17","Ar-Raqqa","Hama",255
"9/30/17","Ar-Raqqa","Al-Hasakeh",5
"10/31/17","Ar-Raqqa","Hama",226
"10/31/17","Ar-Raqqa","Deir-ez-Zor",13744
"10/31/17","Ar-Raqqa","Homs",38
"10/31/17","Ar-Raqqa","Al-Hasakeh",5
"11/30/17","Ar-Raqqa","Deir-ez-Zor",45281
"11/30/17","Ar-Raqqa","Hama",661
"1/31/16","Hama","Rural Damascus",6
"2/28/16","Hama","Homs",132
"2/28/16","Hama","Idleb",42
"3/31/16","Hama","Homs",348
"4/30/16","Hama","Homs",150
"4/30/16","Hama","Idleb",678
"5/31/16","Hama","Ar-Raqqa",1100
"6/30/16","Hama","Homs",56
"7/31/16","Hama","Homs",142
"8/31/16","Hama","Ar-Raqqa",12
"8/31/16","Hama","Homs",16
"8/31/16","Hama","Idleb",33
"10/31/16","Hama","Homs",73
"10/31/16","Hama","Idleb",50
"11/30/16","Hama","Homs",17
"11/30/16","Hama","Idleb",132
"12/31/16","Hama","Homs",39
"12/31/16","Hama","Idleb",42
"1/31/17","Hama","Homs",18
"1/31/17","Hama","Rural Damascus",69
"1/31/17","Hama","Idleb",121
"2/28/17","Hama","Ar-Raqqa",10
"2/28/17","Hama","Idleb",136
"2/28/17","Hama","Rural Damascus",145
"3/31/17","Hama","Deir-ez-Zor",10
"3/31/17","Hama","Rural Damascus",35
"3/31/17","Hama","Ar-Raqqa",105
"3/31/17","Hama","Idleb",108
"3/31/17","Hama","Damascus",198
"3/31/17","Hama","Homs",375
"4/30/17","Hama","Homs",194
"4/30/17","Hama","Ar-Raqqa",284
"4/30/17","Hama","Idleb",1035
"5/31/17","Hama","Damascus",37
"5/31/17","Hama","Homs",81
"5/31/17","Hama","Rural Damascus",160
"5/31/17","Hama","Idleb",2047
"6/30/17","Hama","Rural Damascus",4
"6/30/17","Hama","Deir-ez-Zor",7
"6/30/17","Hama","Homs",15
"6/30/17","Hama","Idleb",76
"6/30/17","Hama","Damascus",112
"6/30/17","Hama","Ar-Raqqa",249
"7/31/17","Hama","Rural Damascus",11
"7/31/17","Hama","Homs",407
"7/31/17","Hama","Idleb",486
"7/31/17","Hama","Ar-Raqqa",9425
"8/31/17","Hama","Damascus",79
"8/31/17","Hama","Idleb",623
"8/31/17","Hama","Homs",2306
"8/31/17","Hama","Ar-Raqqa",2751
"9/30/17","Hama","Homs",342
"9/30/17","Hama","Idleb",284
"9/30/17","Hama","Ar-Raqqa",219
"10/31/17","Hama","Deir-ez-Zor",51
"10/31/17","Hama","Idleb",1412
"10/31/17","Hama","Homs",361
"10/31/17","Hama","Ar-Raqqa",109
"11/30/17","Hama","Idleb",4326
"11/30/17","Hama","Deir-ez-Zor",118
"12/31/17","Hama","Homs",23
"12/31/17","Hama","Idleb",2564
"1/31/18","Hama","Idleb",835
"3/31/16","Lattakia","Idleb",75
"4/30/16","Lattakia","Idleb",35
"7/31/16","Lattakia","Idleb",1117
"10/31/16","Lattakia","Al-Hasakeh",5
"10/31/16","Lattakia","Ar-Raqqa",5
"10/31/16","Lattakia","Deir-ez-Zor",11
"10/31/16","Lattakia","Hama",1195
"10/31/16","Lattakia","Idleb",80
"11/30/16","Lattakia","Deir-ez-Zor",5
"11/30/16","Lattakia","Idleb",133
"12/31/16","Lattakia","Hama",15
"12/31/16","Lattakia","Idleb",60
"1/31/17","Lattakia","Al-Hasakeh",25
"1/31/17","Lattakia","Rural Damascus",39
"1/31/17","Lattakia","Ar-Raqqa",54
"1/31/17","Lattakia","Deir-ez-Zor",55
"1/31/17","Lattakia","Damascus",60
"1/31/17","Lattakia","Hama",100
"1/31/17","Lattakia","Idleb",156
"2/28/17","Lattakia","Homs",10
"2/28/17","Lattakia","Ar-Raqqa",30
"2/28/17","Lattakia","Tartous",30
"2/28/17","Lattakia","Damascus",40
"2/28/17","Lattakia","Deir-ez-Zor",40
"2/28/17","Lattakia","Hama",105
"2/28/17","Lattakia","Rural Damascus",133
"2/28/17","Lattakia","Idleb",155
"3/31/17","Lattakia","Deir-ez-Zor",10
"3/31/17","Lattakia","Tartous",15
"3/31/17","Lattakia","Homs",20
"3/31/17","Lattakia","Rural Damascus",24
"3/31/17","Lattakia","Damascus",35
"3/31/17","Lattakia","Idleb",50
"3/31/17","Lattakia","Hama",250
"4/30/17","Lattakia","Rural Damascus",56
"4/30/17","Lattakia","Hama",109
"4/30/17","Lattakia","Idleb",3059
"5/31/17","Lattakia","Damascus",3
"5/31/17","Lattakia","Homs",81
"5/31/17","Lattakia","Rural Damascus",86
"5/31/17","Lattakia","Hama",136
"5/31/17","Lattakia","Idleb",187
"6/30/17","Lattakia","Rural Damascus",55
"6/30/17","Lattakia","Tartous",90
"6/30/17","Lattakia","Damascus",181
"6/30/17","Lattakia","Hama",337
"6/30/17","Lattakia","Homs",430
"7/31/17","Lattakia","Rural Damascus",35
"7/31/17","Lattakia","Deir-ez-Zor",40
"7/31/17","Lattakia","Tartous",60
"7/31/17","Lattakia","Idleb",120
"7/31/17","Lattakia","Damascus",196
"7/31/17","Lattakia","Homs",245
"7/31/17","Lattakia","Hama",310
"8/31/17","Lattakia","Rural Damascus",41
"8/31/17","Lattakia","Damascus",80
"8/31/17","Lattakia","Tartous",110
"8/31/17","Lattakia","Idleb",150
"8/31/17","Lattakia","Homs",154
"8/31/17","Lattakia","Hama",259
"9/30/17","Lattakia","Hama",360
"9/30/17","Lattakia","Damascus",130
"9/30/17","Lattakia","Tartous",90
"9/30/17","Lattakia","Homs",55
"9/30/17","Lattakia","Rural Damascus",50
"10/31/17","Lattakia","Damascus",225
"10/31/17","Lattakia","Ar-Raqqa",653
"10/31/17","Lattakia","Homs",59
"10/31/17","Lattakia","Idleb",128
"10/31/17","Lattakia","Hama",148
"10/31/17","Lattakia","Tartous",83
"10/31/17","Lattakia","Rural Damascus",21
"11/30/17","Lattakia","Hama",180
"11/30/17","Lattakia","Damascus",581
"11/30/17","Lattakia","Homs",255
"11/30/17","Lattakia","Tartous",130
"11/30/17","Lattakia","Rural Damascus",50
"2/28/16","Damascus","Rural Damascus",1955
"3/31/16","Damascus","Rural Damascus",1507
"4/30/16","Damascus","Rural Damascus",1036
"7/31/16","Damascus","Rural Damascus",3507
"10/31/16","Damascus","Rural Damascus",2374
"1/31/17","Damascus","Dar'a",6
"1/31/17","Damascus","Deir-ez-Zor",15
"1/31/17","Damascus","Hama",44
"1/31/17","Damascus","Idleb",89
"1/31/17","Damascus","Al-Hasakeh",194
"1/31/17","Damascus","Rural Damascus",963
"2/28/17","Damascus","Idleb",12
"2/28/17","Damascus","Homs",16
"2/28/17","Damascus","Lattakia",17
"2/28/17","Damascus","Hama",20
"2/28/17","Damascus","Deir-ez-Zor",26
"2/28/17","Damascus","Al-Hasakeh",98
"2/28/17","Damascus","Rural Damascus",424
"3/31/17","Damascus","Ar-Raqqa",3
"3/31/17","Damascus","Dar'a",12
"3/31/17","Damascus","Idleb",16
"3/31/17","Damascus","Al-Hasakeh",45
"3/31/17","Damascus","Deir-ez-Zor",48
"3/31/17","Damascus","Homs",97
"3/31/17","Damascus","Hama",101
"3/31/17","Damascus","Rural Damascus",209
"4/30/17","Damascus","Homs",1
"4/30/17","Damascus","Hama",5
"4/30/17","Damascus","Idleb",28
"4/30/17","Damascus","Al-Hasakeh",101
"4/30/17","Damascus","Deir-ez-Zor",106
"4/30/17","Damascus","Rural Damascus",193
"4/30/17","Damascus","Tartous",579
"5/31/17","Damascus","Hama",2
"5/31/17","Damascus","Deir-ez-Zor",22
"5/31/17","Damascus","Rural Damascus",58
"5/31/17","Damascus","Al-Hasakeh",64
"5/31/17","Damascus","Lattakia",89
"5/31/17","Damascus","Dar'a",201
"5/31/17","Damascus","Idleb",337
"6/30/17","Damascus","Homs",18
"6/30/17","Damascus","Deir-ez-Zor",32
"6/30/17","Damascus","Idleb",32
"6/30/17","Damascus","Lattakia",36
"6/30/17","Damascus","Hama",40
"6/30/17","Damascus","Rural Damascus",95
"6/30/17","Damascus","Dar'a",136
"7/31/17","Damascus","Lattakia",6
"7/31/17","Damascus","Idleb",8
"7/31/17","Damascus","Ar-Raqqa",10
"7/31/17","Damascus","Quneitra",22
"7/31/17","Damascus","Hama",46
"7/31/17","Damascus","Deir-ez-Zor",71
"7/31/17","Damascus","Dar'a",139
"7/31/17","Damascus","Rural Damascus",190
"8/31/17","Damascus","Homs",3
"8/31/17","Damascus","Quneitra",10
"8/31/17","Damascus","Lattakia",11
"8/31/17","Damascus","Ar-Raqqa",15
"8/31/17","Damascus","Hama",42
"8/31/17","Damascus","Dar'a",46
"8/31/17","Damascus","Rural Damascus",84
"8/31/17","Damascus","Deir-ez-Zor",219
"8/31/17","Damascus","Idleb",962
"9/30/17","Damascus","Deir-ez-Zor",239
"9/30/17","Damascus","Idleb",232
"9/30/17","Damascus","Al-Hasakeh",83
"9/30/17","Damascus","Dar'a",48
"9/30/17","Damascus","Hama",48
"9/30/17","Damascus","Rural Damascus",46
"9/30/17","Damascus","Ar-Raqqa",25
"9/30/17","Damascus","Homs",24
"9/30/17","Damascus","Tartous",10
"10/31/17","Damascus","Deir-ez-Zor",4183
"10/31/17","Damascus","Ar-Raqqa",52
"10/31/17","Damascus","Homs",57
"10/31/17","Damascus","Idleb",64
"10/31/17","Damascus","As-Sweida",40
"10/31/17","Damascus","Hama",71
"10/31/17","Damascus","Dar'a",14
"10/31/17","Damascus","Rural Damascus",83
"11/30/17","Damascus","Deir-ez-Zor",15024
"11/30/17","Damascus","Homs",89
"11/30/17","Damascus","Idleb",8
"11/30/17","Damascus","Al-Hasakeh",11
"11/30/17","Damascus","Rural Damascus",25
"11/30/17","Damascus","Dar'a",24
"11/30/17","Damascus","Hama",15
"5/31/16","Tartous","Damascus",12
"5/31/16","Tartous","Homs",121
"5/31/16","Tartous","Idleb",32
"6/30/16","Tartous","Homs",256
"6/30/16","Tartous","Idleb",36
"7/31/16","Tartous","Homs",44
"7/31/16","Tartous","Idleb",25
"8/31/16","Tartous","Homs",19
"8/31/16","Tartous","Idleb",20
"10/31/16","Tartous","Ar-Raqqa",18
"10/31/16","Tartous","Deir-ez-Zor",44
"10/31/16","Tartous","Hama",1266
"10/31/16","Tartous","Homs",20
"10/31/16","Tartous","Idleb",75
"10/31/16","Tartous","Rural Damascus",25
"11/30/16","Tartous","Deir-ez-Zor",10
"11/30/16","Tartous","Hama",99
"11/30/16","Tartous","Idleb",12
"11/30/16","Tartous","Lattakia",5
"12/31/16","Tartous","Hama",71
"12/31/16","Tartous","Homs",5
"12/31/16","Tartous","Idleb",40
"1/31/17","Tartous","Ar-Raqqa",4
"1/31/17","Tartous","Damascus",5
"1/31/17","Tartous","Lattakia",14
"1/31/17","Tartous","Deir-ez-Zor",18
"1/31/17","Tartous","Al-Hasakeh",51
"1/31/17","Tartous","Idleb",51
"1/31/17","Tartous","Rural Damascus",53
"1/31/17","Tartous","Homs",55
"1/31/17","Tartous","Hama",104
"2/28/17","Tartous","Idleb",8
"2/28/17","Tartous","Al-Hasakeh",10
"2/28/17","Tartous","Deir-ez-Zor",10
"2/28/17","Tartous","Rural Damascus",33
"2/28/17","Tartous","Homs",35
"2/28/17","Tartous","Lattakia",53
"2/28/17","Tartous","Hama",63
"3/31/17","Tartous","Al-Hasakeh",4
"3/31/17","Tartous","Homs",9
"3/31/17","Tartous","Deir-ez-Zor",14
"3/31/17","Tartous","Idleb",14
"3/31/17","Tartous","Rural Damascus",15
"3/31/17","Tartous","Damascus",29
"3/31/17","Tartous","Lattakia",44
"3/31/17","Tartous","Hama",2942
"4/30/17","Tartous","Homs",10
"4/30/17","Tartous","Rural Damascus",18
"4/30/17","Tartous","Al-Hasakeh",23
"4/30/17","Tartous","Deir-ez-Zor",38
"4/30/17","Tartous","Damascus",65
"4/30/17","Tartous","Hama",92
"4/30/17","Tartous","Lattakia",239
"4/30/17","Tartous","Idleb",721
"5/31/17","Tartous","Damascus",1
"5/31/17","Tartous","Rural Damascus",11
"5/31/17","Tartous","Al-Hasakeh",18
"5/31/17","Tartous","Lattakia",32
"5/31/17","Tartous","Hama",43
"5/31/17","Tartous","Homs",170
"6/30/17","Tartous","Dar'a",5
"6/30/17","Tartous","Damascus",25
"6/30/17","Tartous","Hama",40
"6/30/17","Tartous","Lattakia",55
"6/30/17","Tartous","Homs",1395
"7/31/17","Tartous","Al-Hasakeh",10
"7/31/17","Tartous","Deir-ez-Zor",20
"7/31/17","Tartous","Rural Damascus",30
"7/31/17","Tartous","Damascus",35
"7/31/17","Tartous","Lattakia",35
"7/31/17","Tartous","Hama",95
"7/31/17","Tartous","Homs",275
"8/31/17","Tartous","Damascus",20
"8/31/17","Tartous","Rural Damascus",30
"8/31/17","Tartous","Hama",110
"8/31/17","Tartous","Homs",125
"8/31/17","Tartous","Lattakia",125
"9/30/17","Tartous","Hama",142
"9/30/17","Tartous","Lattakia",112
"9/30/17","Tartous","Homs",88
"9/30/17","Tartous","Rural Damascus",58
"9/30/17","Tartous","Ar-Raqqa",44
"10/31/17","Tartous","Idleb",366
"10/31/17","Tartous","Ar-Raqqa",234
"10/31/17","Tartous","Lattakia",64
"10/31/17","Tartous","Al-Hasakeh",16
"10/31/17","Tartous","Hama",127
"10/31/17","Tartous","Damascus",131
"10/31/17","Tartous","Homs",48
"10/31/17","Tartous","Rural Damascus",20
"11/30/17","Tartous","Damascus",155
"11/30/17","Tartous","Hama",160
"11/30/17","Tartous","Rural Damascus",60
"11/30/17","Tartous","Lattakia",105
"11/30/17","Tartous","Al-Hasakeh",35
"11/30/17","Tartous","Homs",115
"11/30/17","Tartous","Deir-ez-Zor",125
"11/30/17","Tartous","Idleb",10
"1/31/16","Aleppo","Homs",100
"1/31/16","Aleppo","Idleb",200
"3/31/16","Aleppo","Hama",639
"3/31/16","Aleppo","Idleb",210
"4/30/16","Aleppo","Ar-Raqqa",25
"4/30/16","Aleppo","Homs",3823
"5/31/16","Aleppo","Ar-Raqqa",1700
"6/30/16","Aleppo","Ar-Raqqa",949
"6/30/16","Aleppo","Idleb",280
"7/31/16","Aleppo","Ar-Raqqa",49
"7/31/16","Aleppo","Hama",46
"7/31/16","Aleppo","Idleb",49
"8/31/16","Aleppo","Ar-Raqqa",142
"8/31/16","Aleppo","Idleb",300
"9/30/16","Aleppo","Hama",1674
"10/31/16","Aleppo","Ar-Raqqa",5
"10/31/16","Aleppo","Hama",487
"10/31/16","Aleppo","Idleb",125
"11/30/16","Aleppo","Ar-Raqqa",2272
"11/30/16","Aleppo","Idleb",850
"12/31/16","Aleppo","Ar-Raqqa",469
"12/31/16","Aleppo","Idleb",660
"1/31/17","Aleppo","Homs",4
"1/31/17","Aleppo","Idleb",86
"1/31/17","Aleppo","Deir-ez-Zor",364
"1/31/17","Aleppo","Ar-Raqqa",606
"2/28/17","Aleppo","Damascus",1
"2/28/17","Aleppo","Hama",25
"2/28/17","Aleppo","Deir-ez-Zor",47
"2/28/17","Aleppo","Ar-Raqqa",1284
"2/28/17","Aleppo","Idleb",1620
"3/31/17","Aleppo","Dar'a",13
"3/31/17","Aleppo","Hama",82
"3/31/17","Aleppo","Al-Hasakeh",83
"3/31/17","Aleppo","Damascus",186
"3/31/17","Aleppo","Deir-ez-Zor",775
"3/31/17","Aleppo","Idleb",991
"3/31/17","Aleppo","Ar-Raqqa",1343
"3/31/17","Aleppo","Homs",3331
"4/30/17","Aleppo","Hama",189
"4/30/17","Aleppo","Ar-Raqqa",1468
"4/30/17","Aleppo","Homs",3688
"4/30/17","Aleppo","Idleb",9329
"5/31/17","Aleppo","Damascus",7
"5/31/17","Aleppo","Hama",11
"5/31/17","Aleppo","Deir-ez-Zor",891
"5/31/17","Aleppo","Idleb",1222
"5/31/17","Aleppo","Homs",2888
"5/31/17","Aleppo","Ar-Raqqa",12650
"6/30/17","Aleppo","Damascus",35
"6/30/17","Aleppo","Al-Hasakeh",100
"6/30/17","Aleppo","Deir-ez-Zor",348
"6/30/17","Aleppo","Idleb",766
"6/30/17","Aleppo","Homs",2263
"6/30/17","Aleppo","Hama",3374
"6/30/17","Aleppo","Ar-Raqqa",11350
"7/31/17","Aleppo","Damascus",44
"7/31/17","Aleppo","Idleb",539
"7/31/17","Aleppo","Hama",646
"7/31/17","Aleppo","Homs",1462
"7/31/17","Aleppo","Deir-ez-Zor",3493
"7/31/17","Aleppo","Ar-Raqqa",11459
"8/31/17","Aleppo","Dar'a",115
"8/31/17","Aleppo","Al-Hasakeh",430
"8/31/17","Aleppo","Homs",459
"8/31/17","Aleppo","Idleb",701
"8/31/17","Aleppo","Hama",2223
"8/31/17","Aleppo","Rural Damascus",2558
"8/31/17","Aleppo","Deir-ez-Zor",3371
"8/31/17","Aleppo","Ar-Raqqa",12089
"9/30/17","Aleppo","Deir-ez-Zor",19309
"9/30/17","Aleppo","Hama",4563
"9/30/17","Aleppo","Ar-Raqqa",2211
"9/30/17","Aleppo","Idleb",1426
"9/30/17","Aleppo","Homs",708
"9/30/17","Aleppo","Al-Hasakeh",21
"10/31/17","Aleppo","Hama",4179
"10/31/17","Aleppo","Deir-ez-Zor",52485
"10/31/17","Aleppo","Ar-Raqqa",6651
"10/31/17","Aleppo","Idleb",246
"10/31/17","Aleppo","Homs",154
"10/31/17","Aleppo","Al-Hasakeh",21
"10/31/17","Aleppo","Damascus",6
"11/30/17","Aleppo","Deir-ez-Zor",31667
"11/30/17","Aleppo","Ar-Raqqa",8079
"11/30/17","Aleppo","Idleb",28
"11/30/17","Aleppo","Al-Hasakeh",22
"11/30/17","Aleppo","Homs",167
"11/30/17","Aleppo","Hama",3299
"12/31/17","Aleppo","Rural Damascus",33
"12/31/17","Aleppo","Homs",83
"12/31/17","Aleppo","Ar-Raqqa",1944
"12/31/17","Aleppo","Hama",3433
"12/31/17","Aleppo","Idleb",4480
"12/31/17","Aleppo","Deir-ez-Zor",4513
"1/31/18","Aleppo","Al-Hasakeh",18
"1/31/18","Aleppo","Ar-Raqqa",13
"1/31/18","Aleppo","Deir-ez-Zor",2036
"1/31/18","Aleppo","Hama",7222
"1/31/18","Aleppo","Idleb",38417
"1/31/16","As-Sweida","Damascus",70
"1/31/16","As-Sweida","Rural Damascus",379
"2/28/16","As-Sweida","Dar'a",810
"2/28/16","As-Sweida","Rural Damascus",240
"3/31/16","As-Sweida","Dar'a",612
"3/31/16","As-Sweida","Rural Damascus",170
"4/30/16","As-Sweida","Homs",111
"4/30/16","As-Sweida","Rural Damascus",70
"5/31/16","As-Sweida","Ar-Raqqa",2000
"5/31/16","As-Sweida","Damascus",45
"5/31/16","As-Sweida","Dar'a",221
"5/31/16","As-Sweida","Homs",97
"5/31/16","As-Sweida","Quneitra",54
"5/31/16","As-Sweida","Rural Damascus",91
"6/30/16","As-Sweida","Damascus",42
"6/30/16","As-Sweida","Dar'a",251
"6/30/16","As-Sweida","Deir-ez-Zor",15
"6/30/16","As-Sweida","Homs",256
"6/30/16","As-Sweida","Idleb",12
"6/30/16","As-Sweida","Rural Damascus",79
"7/31/16","As-Sweida","Damascus",43
"7/31/16","As-Sweida","Dar'a",289
"7/31/16","As-Sweida","Homs",279
"7/31/16","As-Sweida","Idleb",10
"7/31/16","As-Sweida","Rural Damascus",127
"8/31/16","As-Sweida","Damascus",42
"8/31/16","As-Sweida","Dar'a",30
"8/31/16","As-Sweida","Deir-ez-Zor",5
"8/31/16","As-Sweida","Homs",71
"8/31/16","As-Sweida","Idleb",138
"8/31/16","As-Sweida","Rural Damascus",50
"10/31/16","As-Sweida","Al-Hasakeh",48
"10/31/16","As-Sweida","Damascus",123
"10/31/16","As-Sweida","Dar'a",85
"10/31/16","As-Sweida","Deir-ez-Zor",27
"10/31/16","As-Sweida","Homs",88
"10/31/16","As-Sweida","Idleb",94
"10/31/16","As-Sweida","Quneitra",339
"10/31/16","As-Sweida","Rural Damascus",10
"11/30/16","As-Sweida","Al-Hasakeh",20
"11/30/16","As-Sweida","Damascus",103
"11/30/16","As-Sweida","Dar'a",130
"11/30/16","As-Sweida","Deir-ez-Zor",21
"11/30/16","As-Sweida","Homs",50
"11/30/16","As-Sweida","Idleb",100
"11/30/16","As-Sweida","Quneitra",75
"11/30/16","As-Sweida","Rural Damascus",85
"12/31/16","As-Sweida","Al-Hasakeh",20
"12/31/16","As-Sweida","Damascus",103
"12/31/16","As-Sweida","Dar'a",130
"12/31/16","As-Sweida","Deir-ez-Zor",21
"12/31/16","As-Sweida","Homs",50
"12/31/16","As-Sweida","Idleb",100
"12/31/16","As-Sweida","Quneitra",75
"12/31/16","As-Sweida","Rural Damascus",85
"1/31/17","As-Sweida","Al-Hasakeh",10
"1/31/17","As-Sweida","Ar-Raqqa",10
"1/31/17","As-Sweida","Homs",11
"1/31/17","As-Sweida","Deir-ez-Zor",12
"1/31/17","As-Sweida","Quneitra",65
"1/31/17","As-Sweida","Rural Damascus",70
"1/31/17","As-Sweida","Damascus",75
"1/31/17","As-Sweida","Dar'a",77
"1/31/17","As-Sweida","Idleb",80
"2/28/17","As-Sweida","Al-Hasakeh",5
"2/28/17","As-Sweida","Idleb",10
"2/28/17","As-Sweida","Damascus",15
"2/28/17","As-Sweida","Homs",30
"2/28/17","As-Sweida","Quneitra",45
"2/28/17","As-Sweida","Rural Damascus",45
"2/28/17","As-Sweida","Deir-ez-Zor",80
"2/28/17","As-Sweida","Dar'a",81
"3/31/17","As-Sweida","Al-Hasakeh",15
"3/31/17","As-Sweida","Ar-Raqqa",25
"3/31/17","As-Sweida","Quneitra",30
"3/31/17","As-Sweida","Rural Damascus",40
"3/31/17","As-Sweida","Homs",41
"3/31/17","As-Sweida","Deir-ez-Zor",52
"3/31/17","As-Sweida","Idleb",55
"3/31/17","As-Sweida","Dar'a",103
"3/31/17","As-Sweida","Damascus",185
"4/30/17","As-Sweida","Idleb",8
"4/30/17","As-Sweida","Homs",14
"4/30/17","As-Sweida","Deir-ez-Zor",55
"4/30/17","As-Sweida","Damascus",92
"4/30/17","As-Sweida","Rural Damascus",249
"4/30/17","As-Sweida","Dar'a",274
"5/31/17","As-Sweida","Damascus",1
"5/31/17","As-Sweida","Homs",2
"5/31/17","As-Sweida","Ar-Raqqa",28
"5/31/17","As-Sweida","Deir-ez-Zor",31
"5/31/17","As-Sweida","Al-Hasakeh",53
"5/31/17","As-Sweida","Idleb",112
"5/31/17","As-Sweida","Dar'a",125
"5/31/17","As-Sweida","Rural Damascus",167
"6/30/17","As-Sweida","Al-Hasakeh",25
"6/30/17","As-Sweida","Idleb",25
"6/30/17","As-Sweida","Ar-Raqqa",31
"6/30/17","As-Sweida","Damascus",50
"6/30/17","As-Sweida","Rural Damascus",50
"6/30/17","As-Sweida","Homs",55
"6/30/17","As-Sweida","Dar'a",68
"6/30/17","As-Sweida","Deir-ez-Zor",108
"7/31/17","As-Sweida","Ar-Raqqa",10
"7/31/17","As-Sweida","Al-Hasakeh",15
"7/31/17","As-Sweida","Rural Damascus",20
"7/31/17","As-Sweida","Idleb",35
"7/31/17","As-Sweida","Homs",40
"7/31/17","As-Sweida","Dar'a",50
"7/31/17","As-Sweida","Deir-ez-Zor",105
"8/31/17","As-Sweida","Idleb",5
"8/31/17","As-Sweida","Rural Damascus",5
"8/31/17","As-Sweida","Al-Hasakeh",10
"8/31/17","As-Sweida","Homs",31
"8/31/17","As-Sweida","Ar-Raqqa",47
"8/31/17","As-Sweida","Deir-ez-Zor",48
"9/30/17","As-Sweida","Rural Damascus",15
"10/31/17","As-Sweida","Rural Damascus",40
"10/31/17","As-Sweida","Deir-ez-Zor",5
"10/31/17","As-Sweida","Idleb",5
"11/30/17","As-Sweida","Rural Damascus",20
"11/30/17","As-Sweida","Homs",15
"1/31/16","Idleb","Damascus",10
"1/31/16","Idleb","Hama",4398
"1/31/16","Idleb","Homs",2985
"1/31/16","Idleb","Lattakia",1472
"2/28/16","Idleb","Dar'a",10
"2/28/16","Idleb","Hama",1780
"2/28/16","Idleb","Homs",1335
"2/28/16","Idleb","Lattakia",3545
"3/31/16","Idleb","Deir-ez-Zor",110
"3/31/16","Idleb","Hama",1362
"3/31/16","Idleb","Homs",920
"3/31/16","Idleb","Lattakia",2030
"4/30/16","Idleb","Hama",2388
"4/30/16","Idleb","Homs",1426
"4/30/16","Idleb","Lattakia",675
"4/30/16","Idleb","Rural Damascus",700
"5/31/16","Idleb","Hama",566
"5/31/16","Idleb","Homs",5025
"5/31/16","Idleb","Lattakia",616
"5/31/16","Idleb","Rural Damascus",76
"6/30/16","Idleb","Deir-ez-Zor",290
"6/30/16","Idleb","Hama",906
"6/30/16","Idleb","Homs",2148
"6/30/16","Idleb","Lattakia",218
"6/30/16","Idleb","Tartous",48
"7/31/16","Idleb","Ar-Raqqa",44
"7/31/16","Idleb","Hama",692
"7/31/16","Idleb","Homs",530
"8/31/16","Idleb","Ar-Raqqa",20
"8/31/16","Idleb","Deir-ez-Zor",1070
"8/31/16","Idleb","Hama",816
"8/31/16","Idleb","Homs",104
"8/31/16","Idleb","Lattakia",212
"8/31/16","Idleb","Rural Damascus",774
"9/30/16","Idleb","Hama",44537
"9/30/16","Idleb","Rural Damascus",59
"10/31/16","Idleb","Deir-ez-Zor",422
"10/31/16","Idleb","Hama",13932
"10/31/16","Idleb","Homs",346
"10/31/16","Idleb","Lattakia",32
"10/31/16","Idleb","Rural Damascus",3538
"11/30/16","Idleb","Ar-Raqqa",35
"11/30/16","Idleb","Damascus",288
"11/30/16","Idleb","Hama",27166
"11/30/16","Idleb","Homs",87
"11/30/16","Idleb","Lattakia",105
"11/30/16","Idleb","Rural Damascus",2411
"12/31/16","Idleb","Ar-Raqqa",42
"12/31/16","Idleb","Damascus",40
"12/31/16","Idleb","Deir-ez-Zor",16
"12/31/16","Idleb","Hama",1318
"12/31/16","Idleb","Homs",14
"12/31/16","Idleb","Lattakia",24
"12/31/16","Idleb","Rural Damascus",6127
"1/31/17","Idleb","Lattakia",35
"1/31/17","Idleb","Damascus",80
"1/31/17","Idleb","Homs",117
"1/31/17","Idleb","Ar-Raqqa",393
"1/31/17","Idleb","Hama",1299
"1/31/17","Idleb","Rural Damascus",2162
"2/28/17","Idleb","Lattakia",26
"2/28/17","Idleb","Dar'a",74
"2/28/17","Idleb","Deir-ez-Zor",177
"2/28/17","Idleb","Homs",234
"2/28/17","Idleb","Ar-Raqqa",268
"2/28/17","Idleb","Hama",1508
"2/28/17","Idleb","Rural Damascus",4197
"3/31/17","Idleb","Deir-ez-Zor",30
"3/31/17","Idleb","Dar'a",102
"3/31/17","Idleb","Homs",207
"3/31/17","Idleb","Rural Damascus",318
"3/31/17","Idleb","Ar-Raqqa",330
"3/31/17","Idleb","Damascus",552
"3/31/17","Idleb","Hama",11184
"4/30/17","Idleb","Damascus",7
"4/30/17","Idleb","Dar'a",37
"4/30/17","Idleb","Deir-ez-Zor",93
"4/30/17","Idleb","Ar-Raqqa",932
"4/30/17","Idleb","Lattakia",1169
"4/30/17","Idleb","Homs",2642
"4/30/17","Idleb","Hama",3731
"4/30/17","Idleb","Rural Damascus",8079
"5/31/17","Idleb","Al-Hasakeh",230
"5/31/17","Idleb","Deir-ez-Zor",871
"5/31/17","Idleb","Lattakia",1272
"5/31/17","Idleb","Damascus",1411
"5/31/17","Idleb","Homs",2136
"5/31/17","Idleb","Hama",2696
"5/31/17","Idleb","Ar-Raqqa",3131
"5/31/17","Idleb","Rural Damascus",3712
"6/30/17","Idleb","Al-Hasakeh",11
"6/30/17","Idleb","Dar'a",159
"6/30/17","Idleb","Lattakia",288
"6/30/17","Idleb","Rural Damascus",423
"6/30/17","Idleb","Deir-ez-Zor",844
"6/30/17","Idleb","Homs",1510
"6/30/17","Idleb","Ar-Raqqa",5615
"6/30/17","Idleb","Damascus",5882
"6/30/17","Idleb","Hama",6481
"7/31/17","Idleb","Al-Hasakeh",8
"7/31/17","Idleb","Lattakia",107
"7/31/17","Idleb","Rural Damascus",284
"7/31/17","Idleb","Damascus",974
"7/31/17","Idleb","Homs",1017
"7/31/17","Idleb","Deir-ez-Zor",3123
"7/31/17","Idleb","Hama",6521
"7/31/17","Idleb","Ar-Raqqa",8075
"8/31/17","Idleb","Al-Hasakeh",14
"8/31/17","Idleb","Damascus",621
"8/31/17","Idleb","Homs",725
"8/31/17","Idleb","Rural Damascus",3089
"8/31/17","Idleb","Hama",6222
"8/31/17","Idleb","Ar-Raqqa",6879
"8/31/17","Idleb","Deir-ez-Zor",8331
"9/30/17","Idleb","Hama",18028
"9/30/17","Idleb","Deir-ez-Zor",8693
"9/30/17","Idleb","Homs",1690
"9/30/17","Idleb","Ar-Raqqa",1233
"9/30/17","Idleb","Rural Damascus",413
"9/30/17","Idleb","Al-Hasakeh",109
"9/30/17","Idleb","Lattakia",17
"9/30/17","Idleb","Damascus",15
"10/31/17","Idleb","Hama",30877
"10/31/17","Idleb","Homs",298
"10/31/17","Idleb","Damascus",65
"10/31/17","Idleb","Al-Hasakeh",581
"10/31/17","Idleb","Lattakia",7
"10/31/17","Idleb","Ar-Raqqa",5701
"10/31/17","Idleb","Deir-ez-Zor",20416
"10/31/17","Idleb","Rural Damascus",224
"11/30/17","Idleb","Ar-Raqqa",770
"11/30/17","Idleb","Deir-ez-Zor",23247
"11/30/17","Idleb","Hama",48226
"11/30/17","Idleb","Damascus",56
"11/30/17","Idleb","Al-Hasakeh",7
"11/30/17","Idleb","Lattakia",14
"11/30/17","Idleb","Homs",125
"12/31/17","Idleb","Rural Damascus",137
"12/31/17","Idleb","Ar-Raqqa",5565
"12/31/17","Idleb","Deir-ez-Zor",6638
"12/31/17","Idleb","Hama",40591
"1/31/18","Idleb","Ar-Raqqa",291
"1/31/18","Idleb","Damascus",60
"1/31/18","Idleb","Deir-ez-Zor",1219
"1/31/18","Idleb","Hama",13332
"1/31/16","Al-Hasakeh","Aleppo",24
"1/31/16","Ar-Raqqa","Aleppo",2999
"1/31/16","Hama","Aleppo",88
"1/31/16","Idleb","Aleppo",24709
"2/28/16","Al-Hasakeh","Aleppo",194
"2/28/16","Ar-Raqqa","Aleppo",3535
"2/28/16","Deir-ez-Zor","Aleppo",168
"2/28/16","Idleb","Aleppo",42688
"2/28/16","Rural Damascus","Aleppo",757
"3/31/16","Al-Hasakeh","Aleppo",249
"3/31/16","Ar-Raqqa","Aleppo",643
"3/31/16","Deir-ez-Zor","Aleppo",36
"3/31/16","Hama","Aleppo",149
"3/31/16","Homs","Aleppo",1822
"3/31/16","Idleb","Aleppo",15505
"3/31/16","Lattakia","Aleppo",2205
"4/30/16","Al-Hasakeh","Aleppo",230
"4/30/16","Ar-Raqqa","Aleppo",1660
"4/30/16","Deir-ez-Zor","Aleppo",3
"4/30/16","Homs","Aleppo",792
"4/30/16","Idleb","Aleppo",7264
"4/30/16","Lattakia","Aleppo",1100
"4/30/16","Rural Damascus","Aleppo",3000
"5/31/16","Al-Hasakeh","Aleppo",507
"5/31/16","Ar-Raqqa","Aleppo",90
"5/31/16","As-Sweida","Aleppo",525
"5/31/16","Deir-ez-Zor","Aleppo",74
"5/31/16","Homs","Aleppo",670
"5/31/16","Idleb","Aleppo",7345
"5/31/16","Rural Damascus","Aleppo",1114
"5/31/16","Tartous","Aleppo",162
"6/30/16","Al-Hasakeh","Aleppo",783
"6/30/16","Ar-Raqqa","Aleppo",712
"6/30/16","As-Sweida","Aleppo",178
"6/30/16","Hama","Aleppo",15
"6/30/16","Homs","Aleppo",424
"6/30/16","Idleb","Aleppo",2449
"6/30/16","Lattakia","Aleppo",245
"6/30/16","Rural Damascus","Aleppo",532
"6/30/16","Tartous","Aleppo",533
"7/31/16","Al-Hasakeh","Aleppo",871
"7/31/16","Ar-Raqqa","Aleppo",970
"7/31/16","As-Sweida","Aleppo",94
"7/31/16","Deir-ez-Zor","Aleppo",107
"7/31/16","Homs","Aleppo",215
"7/31/16","Idleb","Aleppo",9947
"7/31/16","Rural Damascus","Aleppo",650
"7/31/16","Tartous","Aleppo",554
"8/31/16","Al-Hasakeh","Aleppo",1597
"8/31/16","Ar-Raqqa","Aleppo",1787
"8/31/16","As-Sweida","Aleppo",590
"8/31/16","Damascus","Aleppo",4186
"8/31/16","Deir-ez-Zor","Aleppo",43
"8/31/16","Hama","Aleppo",388
"8/31/16","Homs","Aleppo",178
"8/31/16","Idleb","Aleppo",22906
"8/31/16","Lattakia","Aleppo",1984
"8/31/16","Rural Damascus","Aleppo",476
"8/31/16","Tartous","Aleppo",1170
"10/31/16","Al-Hasakeh","Aleppo",830
"10/31/16","Ar-Raqqa","Aleppo",300
"10/31/16","As-Sweida","Aleppo",356
"10/31/16","Deir-ez-Zor","Aleppo",121
"10/31/16","Hama","Aleppo",23
"10/31/16","Homs","Aleppo",168
"10/31/16","Idleb","Aleppo",5511
"10/31/16","Lattakia","Aleppo",203
"10/31/16","Rural Damascus","Aleppo",68
"10/31/16","Tartous","Aleppo",212
"11/30/16","Al-Hasakeh","Aleppo",383
"11/30/16","Ar-Raqqa","Aleppo",290
"11/30/16","As-Sweida","Aleppo",615
"11/30/16","Damascus","Aleppo",2478
"11/30/16","Deir-ez-Zor","Aleppo",117
"11/30/16","Homs","Aleppo",812
"11/30/16","Idleb","Aleppo",11378
"11/30/16","Lattakia","Aleppo",2699
"11/30/16","Rural Damascus","Aleppo",600
"11/30/16","Tartous","Aleppo",2301
"12/31/16","Al-Hasakeh","Aleppo",63
"12/31/16","Ar-Raqqa","Aleppo",275
"12/31/16","As-Sweida","Aleppo",615
"12/31/16","Damascus","Aleppo",2702
"12/31/16","Deir-ez-Zor","Aleppo",49
"12/31/16","Homs","Aleppo",124
"12/31/16","Idleb","Aleppo",21686
"12/31/16","Lattakia","Aleppo",817
"12/31/16","Rural Damascus","Aleppo",196
"12/31/16","Tartous","Aleppo",431
"1/31/17","As-Sweida","Aleppo",45
"1/31/17","Hama","Aleppo",52
"1/31/17","Deir-ez-Zor","Aleppo",75
"1/31/17","Al-Hasakeh","Aleppo",100
"1/31/17","Homs","Aleppo",108
"1/31/17","Rural Damascus","Aleppo",128
"1/31/17","Ar-Raqqa","Aleppo",170
"1/31/17","Tartous","Aleppo",234
"1/31/17","Damascus","Aleppo",283
"1/31/17","Lattakia","Aleppo",330
"1/31/17","Idleb","Aleppo",15710
"2/28/17","Deir-ez-Zor","Aleppo",4
"2/28/17","Homs","Aleppo",12
"2/28/17","Damascus","Aleppo",89
"2/28/17","Rural Damascus","Aleppo",95
"2/28/17","Al-Hasakeh","Aleppo",137
"2/28/17","Lattakia","Aleppo",160
"2/28/17","Tartous","Aleppo",209
"2/28/17","Ar-Raqqa","Aleppo",530
"2/28/17","Idleb","Aleppo",5126
"3/31/17","Damascus","Aleppo",14
"3/31/17","Deir-ez-Zor","Aleppo",21
"3/31/17","Homs","Aleppo",27
"3/31/17","Tartous","Aleppo",71
"3/31/17","Hama","Aleppo",77
"3/31/17","Rural Damascus","Aleppo",123
"3/31/17","Al-Hasakeh","Aleppo",1522
"3/31/17","Ar-Raqqa","Aleppo",3875
"3/31/17","Idleb","Aleppo",7136
"4/30/17","Deir-ez-Zor","Aleppo",10
"4/30/17","Damascus","Aleppo",16
"4/30/17","Rural Damascus","Aleppo",16
"4/30/17","Tartous","Aleppo",104
"4/30/17","Hama","Aleppo",161
"4/30/17","Al-Hasakeh","Aleppo",415
"4/30/17","Idleb","Aleppo",3802
"4/30/17","Ar-Raqqa","Aleppo",16678
"5/31/17","Damascus","Aleppo",15
"5/31/17","Lattakia","Aleppo",91
"5/31/17","As-Sweida","Aleppo",102
"5/31/17","Tartous","Aleppo",165
"5/31/17","Al-Hasakeh","Aleppo",219
"5/31/17","Idleb","Aleppo",7496
"5/31/17","Ar-Raqqa","Aleppo",19165
"6/30/17","Damascus","Aleppo",16
"6/30/17","As-Sweida","Aleppo",25
"6/30/17","Lattakia","Aleppo",40
"6/30/17","Tartous","Aleppo",50
"6/30/17","Al-Hasakeh","Aleppo",80
"6/30/17","Hama","Aleppo",200
"6/30/17","Idleb","Aleppo",2929
"6/30/17","Ar-Raqqa","Aleppo",7524
"7/31/17","Hama","Aleppo",5
"7/31/17","As-Sweida","Aleppo",30
"7/31/17","Al-Hasakeh","Aleppo",83
"7/31/17","Ar-Raqqa","Aleppo",126
"7/31/17","Lattakia","Aleppo",235
"7/31/17","Tartous","Aleppo",250
"7/31/17","Homs","Aleppo",2001
"7/31/17","Idleb","Aleppo",5453
"8/31/17","Hama","Aleppo",13
"8/31/17","Ar-Raqqa","Aleppo",13
"8/31/17","Damascus","Aleppo",36
"8/31/17","Al-Hasakeh","Aleppo",42
"8/31/17","Homs","Aleppo",45
"8/31/17","Tartous","Aleppo",210
"8/31/17","Lattakia","Aleppo",735
"8/31/17","Idleb","Aleppo",4768
"9/30/17","Idleb","Aleppo",2875
"9/30/17","Lattakia","Aleppo",525
"9/30/17","Tartous","Aleppo",127
"9/30/17","As-Sweida","Aleppo",15
"9/30/17","Quneitra","Aleppo",10
"9/30/17","Al-Hasakeh","Aleppo",4
"10/31/17","Idleb","Aleppo",3447
"10/31/17","Lattakia","Aleppo",201
"10/31/17","Tartous","Aleppo",95
"10/31/17","Al-Hasakeh","Aleppo",107
"10/31/17","Ar-Raqqa","Aleppo",25
"11/30/17","Tartous","Aleppo",215
"11/30/17","Lattakia","Aleppo",295
"11/30/17","Al-Hasakeh","Aleppo",26
"11/30/17","Idleb","Aleppo",11555
"11/30/17","Homs","Aleppo",24
"12/31/17","Idleb","Aleppo",4262
"1/31/18","Idleb","Aleppo",9967
"1/31/16","Aleppo","Aleppo",134651
"1/31/16","Al-Hasakeh","Al-Hasakeh",3452
"1/31/16","Ar-Raqqa","Ar-Raqqa",1031
"1/31/16","Damascus","Damascus",1767
"1/31/16","Dar'a","Dar'a",41596
"1/31/16","Deir-ez-Zor","Deir-ez-Zor",18296
"1/31/16","Hama","Hama",5307
"1/31/16","Homs","Homs",1258
"1/31/16","Idleb","Idleb",3617
"1/31/16","Lattakia","Lattakia",654
"1/31/16","Rural Damascus","Rural Damascus",17978
"2/28/16","Aleppo","Aleppo",72344
"2/28/16","Al-Hasakeh","Al-Hasakeh",9829
"2/28/16","Ar-Raqqa","Ar-Raqqa",1046
"2/28/16","As-Sweida","As-Sweida",25
"2/28/16","Dar'a","Dar'a",67008
"2/28/16","Deir-ez-Zor","Deir-ez-Zor",3194
"2/28/16","Hama","Hama",1429
"2/28/16","Homs","Homs",14206
"2/28/16","Idleb","Idleb",4358
"2/28/16","Lattakia","Lattakia",1035
"2/28/16","Quneitra","Quneitra",230
"2/28/16","Rural Damascus","Rural Damascus",9624
"3/31/16","Aleppo","Aleppo",25472
"3/31/16","Al-Hasakeh","Al-Hasakeh",5050
"3/31/16","Ar-Raqqa","Ar-Raqqa",916
"3/31/16","Dar'a","Dar'a",18312
"3/31/16","Deir-ez-Zor","Deir-ez-Zor",1095
"3/31/16","Hama","Hama",1532
"3/31/16","Homs","Homs",4678
"3/31/16","Idleb","Idleb",11077
"3/31/16","Quneitra","Quneitra",160
"3/31/16","Rural Damascus","Rural Damascus",7591
"4/30/16","Aleppo","Aleppo",74196
"4/30/16","Al-Hasakeh","Al-Hasakeh",5496
"4/30/16","Ar-Raqqa","Ar-Raqqa",2145
"4/30/16","Damascus","Damascus",400
"4/30/16","Dar'a","Dar'a",7005
"4/30/16","Deir-ez-Zor","Deir-ez-Zor",763
"4/30/16","Hama","Hama",375
"4/30/16","Homs","Homs",1151
"4/30/16","Idleb","Idleb",3370
"4/30/16","Quneitra","Quneitra",74
"4/30/16","Rural Damascus","Rural Damascus",2703
"4/30/16","Tartous","Tartous",5040
"5/31/16","Aleppo","Aleppo",28774
"5/31/16","Al-Hasakeh","Al-Hasakeh",831
"5/31/16","Ar-Raqqa","Ar-Raqqa",1984
"5/31/16","As-Sweida","As-Sweida",54
"5/31/16","Damascus","Damascus",75
"5/31/16","Dar'a","Dar'a",2660
"5/31/16","Deir-ez-Zor","Deir-ez-Zor",768
"5/31/16","Hama","Hama",4082
"5/31/16","Homs","Homs",2727
"5/31/16","Idleb","Idleb",26478
"5/31/16","Quneitra","Quneitra",24
"5/31/16","Rural Damascus","Rural Damascus",19130
"6/30/16","Aleppo","Aleppo",48387
"6/30/16","Al-Hasakeh","Al-Hasakeh",629
"6/30/16","Ar-Raqqa","Ar-Raqqa",2877
"6/30/16","Damascus","Damascus",10
"6/30/16","Dar'a","Dar'a",1316
"6/30/16","Deir-ez-Zor","Deir-ez-Zor",913
"6/30/16","Hama","Hama",3031
"6/30/16","Homs","Homs",3028
"6/30/16","Idleb","Idleb",35256
"6/30/16","Quneitra","Quneitra",315
"6/30/16","Rural Damascus","Rural Damascus",5585
"7/31/16","Aleppo","Aleppo",33738
"7/31/16","Al-Hasakeh","Al-Hasakeh",335
"7/31/16","Ar-Raqqa","Ar-Raqqa",1281
"7/31/16","Dar'a","Dar'a",3151
"7/31/16","Deir-ez-Zor","Deir-ez-Zor",1506
"7/31/16","Hama","Hama",467
"7/31/16","Homs","Homs",8508
"7/31/16","Idleb","Idleb",26762
"7/31/16","Quneitra","Quneitra",33
"7/31/16","Rural Damascus","Rural Damascus",22577
"7/31/16","Tartous","Tartous",30
"8/31/16","Aleppo","Aleppo",105048
"8/31/16","Al-Hasakeh","Al-Hasakeh",9631
"8/31/16","Ar-Raqqa","Ar-Raqqa",326
"8/31/16","Dar'a","Dar'a",344
"8/31/16","Deir-ez-Zor","Deir-ez-Zor",541
"8/31/16","Hama","Hama",142
"8/31/16","Homs","Homs",5914
"8/31/16","Idleb","Idleb",47464
"8/31/16","Quneitra","Quneitra",169
"8/31/16","Rural Damascus","Rural Damascus",14970
"9/30/16","Aleppo","Aleppo",39396
"9/30/16","Al-Hasakeh","Al-Hasakeh",1693
"9/30/16","Ar-Raqqa","Ar-Raqqa",6933
"9/30/16","As-Sweida","As-Sweida",1090
"9/30/16","Damascus","Damascus",2561
"9/30/16","Dar'a","Dar'a",2860
"9/30/16","Deir-ez-Zor","Deir-ez-Zor",809
"9/30/16","Hama","Hama",114056
"9/30/16","Homs","Homs",1822
"9/30/16","Idleb","Idleb",28420
"9/30/16","Lattakia","Lattakia",2024
"9/30/16","Quneitra","Quneitra",577
"9/30/16","Rural Damascus","Rural Damascus",2848
"9/30/16","Tartous","Tartous",1655
"10/31/16","Aleppo","Aleppo",27413
"10/31/16","Al-Hasakeh","Al-Hasakeh",68
"10/31/16","Ar-Raqqa","Ar-Raqqa",1054
"10/31/16","Damascus","Damascus",21
"10/31/16","Dar'a","Dar'a",4954
"10/31/16","Deir-ez-Zor","Deir-ez-Zor",447
"10/31/16","Hama","Hama",6608
"10/31/16","Homs","Homs",1006
"10/31/16","Idleb","Idleb",2202
"10/31/16","Quneitra","Quneitra",45
"10/31/16","Rural Damascus","Rural Damascus",3969
"10/31/16","Tartous","Tartous",7
"11/30/16","Aleppo","Aleppo",54780
"11/30/16","Al-Hasakeh","Al-Hasakeh",2015
"11/30/16","Ar-Raqqa","Ar-Raqqa",5983
"11/30/16","Dar'a","Dar'a",2756
"11/30/16","Deir-ez-Zor","Deir-ez-Zor",262
"11/30/16","Hama","Hama",4365
"11/30/16","Homs","Homs",163
"11/30/16","Idleb","Idleb",3466
"11/30/16","Rural Damascus","Rural Damascus",1209
"12/31/16","Aleppo","Aleppo",120591
"12/31/16","Al-Hasakeh","Al-Hasakeh",805
"12/31/16","Ar-Raqqa","Ar-Raqqa",10140
"12/31/16","Dar'a","Dar'a",2270
"12/31/16","Deir-ez-Zor","Deir-ez-Zor",396
"12/31/16","Hama","Hama",335
"12/31/16","Homs","Homs",835
"12/31/16","Idleb","Idleb",1394
"12/31/16","Rural Damascus","Rural Damascus",516
"12/31/16","Tartous","Tartous",4
"1/31/17","As-Sweida","As-Sweida",65
"1/31/17","Tartous","Tartous",68
"1/31/17","Lattakia","Lattakia",110
"1/31/17","Dar'a","Dar'a",307
"1/31/17","Al-Hasakeh","Al-Hasakeh",749
"1/31/17","Damascus","Damascus",927
"1/31/17","Deir-ez-Zor","Deir-ez-Zor",1243
"1/31/17","Idleb","Idleb",1523
"1/31/17","Homs","Homs",1542
"1/31/17","Hama","Hama",1696
"1/31/17","Ar-Raqqa","Ar-Raqqa",6096
"1/31/17","Aleppo","Aleppo",31259
"1/31/17","Rural Damascus","Rural Damascus",31531
"2/28/17","Tartous","Tartous",54
"2/28/17","As-Sweida","As-Sweida",75
"2/28/17","Lattakia","Lattakia",125
"2/28/17","Homs","Homs",296
"2/28/17","Rural Damascus","Rural Damascus",723
"2/28/17","Hama","Hama",889
"2/28/17","Al-Hasakeh","Al-Hasakeh",1009
"2/28/17","Deir-ez-Zor","Deir-ez-Zor",1110
"2/28/17","Idleb","Idleb",1642
"2/28/17","Dar'a","Dar'a",2914
"2/28/17","Damascus","Damascus",7151
"2/28/17","Ar-Raqqa","Ar-Raqqa",12395
"2/28/17","Aleppo","Aleppo",108595
"3/31/17","Dar'a","Dar'a",50
"3/31/17","As-Sweida","As-Sweida",87
"3/31/17","Tartous","Tartous",95
"3/31/17","Homs","Homs",470
"3/31/17","Al-Hasakeh","Al-Hasakeh",554
"3/31/17","Deir-ez-Zor","Deir-ez-Zor",964
"3/31/17","Rural Damascus","Rural Damascus",1044
"3/31/17","Damascus","Damascus",2514
"3/31/17","Idleb","Idleb",4670
"3/31/17","Hama","Hama",24927
"3/31/17","Ar-Raqqa","Ar-Raqqa",33641
"3/31/17","Aleppo","Aleppo",148593
"4/30/17","Hama","Hama",273
"4/30/17","Homs","Homs",313
"4/30/17","As-Sweida","As-Sweida",544
"4/30/17","Damascus","Damascus",1044
"4/30/17","Tartous","Tartous",1067
"4/30/17","Lattakia","Lattakia",1435
"4/30/17","Rural Damascus","Rural Damascus",1603
"4/30/17","Deir-ez-Zor","Deir-ez-Zor",2064
"4/30/17","Quneitra","Quneitra",5728
"4/30/17","Al-Hasakeh","Al-Hasakeh",6173
"4/30/17","Dar'a","Dar'a",12858
"4/30/17","Aleppo","Aleppo",17594
"4/30/17","Idleb","Idleb",41851
"4/30/17","Ar-Raqqa","Ar-Raqqa",87885
"5/31/17","Damascus","Damascus",57
"5/31/17","Lattakia","Lattakia",83
"5/31/17","Quneitra","Quneitra",230
"5/31/17","Rural Damascus","Rural Damascus",353
"5/31/17","Deir-ez-Zor","Deir-ez-Zor",545
"5/31/17","As-Sweida","As-Sweida",551
"5/31/17","Homs","Homs",804
"5/31/17","Hama","Hama",1051
"5/31/17","Tartous","Tartous",1705
"5/31/17","Dar'a","Dar'a",6098
"5/31/17","Al-Hasakeh","Al-Hasakeh",7942
"5/31/17","Aleppo","Aleppo",17405
"5/31/17","Idleb","Idleb",37117
"5/31/17","Ar-Raqqa","Ar-Raqqa",104564
"6/30/17","As-Sweida","As-Sweida",39
"6/30/17","Lattakia","Lattakia",80
"6/30/17","Tartous","Tartous",95
"6/30/17","Quneitra","Quneitra",142
"6/30/17","Rural Damascus","Rural Damascus",329
"6/30/17","Homs","Homs",347
"6/30/17","Damascus","Damascus",709
"6/30/17","Deir-ez-Zor","Deir-ez-Zor",1676
"6/30/17","Idleb","Idleb",3223
"6/30/17","Hama","Hama",6225
"6/30/17","Dar'a","Dar'a",8258
"6/30/17","Al-Hasakeh","Al-Hasakeh",10241
"6/30/17","Aleppo","Aleppo",11108
"6/30/17","Ar-Raqqa","Ar-Raqqa",23570
"7/31/17","As-Sweida","As-Sweida",35
"7/31/17","Quneitra","Quneitra",55
"7/31/17","Tartous","Tartous",100
"7/31/17","Lattakia","Lattakia",110
"7/31/17","Homs","Homs",207
"7/31/17","Rural Damascus","Rural Damascus",518
"7/31/17","Damascus","Damascus",574
"7/31/17","Dar'a","Dar'a",942
"7/31/17","Hama","Hama",1892
"7/31/17","Al-Hasakeh","Al-Hasakeh",2854
"7/31/17","Deir-ez-Zor","Deir-ez-Zor",3846
"7/31/17","Idleb","Idleb",4033
"7/31/17","Aleppo","Aleppo",5314
"7/31/17","Ar-Raqqa","Ar-Raqqa",28353
"8/31/17","Quneitra","Quneitra",25
"8/31/17","As-Sweida","As-Sweida",35
"8/31/17","Tartous","Tartous",205
"8/31/17","Lattakia","Lattakia",475
"8/31/17","Homs","Homs",596
"8/31/17","Dar'a","Dar'a",694
"8/31/17","Al-Hasakeh","Al-Hasakeh",721
"8/31/17","Rural Damascus","Rural Damascus",1067
"8/31/17","Hama","Hama",2160
"8/31/17","Deir-ez-Zor","Deir-ez-Zor",3266
"8/31/17","Damascus","Damascus",3292
"8/31/17","Aleppo","Aleppo",4913
"8/31/17","Idleb","Idleb",5774
"8/31/17","Ar-Raqqa","Ar-Raqqa",39014
"9/30/17","Deir-ez-Zor","Deir-ez-Zor",87643
"9/30/17","Ar-Raqqa","Ar-Raqqa",16589
"9/30/17","Idleb","Idleb",11500
"9/30/17","Hama","Hama",7565
"9/30/17","Rural Damascus","Rural Damascus",7054
"9/30/17","Aleppo","Aleppo",2564
"9/30/17","Damascus","Damascus",2021
"9/30/17","Homs","Homs",740
"9/30/17","Lattakia","Lattakia",546
"9/30/17","Al-Hasakeh","Al-Hasakeh",490
"9/30/17","Tartous","Tartous",240
"9/30/17","Dar'a","Dar'a",223
"9/30/17","Quneitra","Quneitra",75
"9/30/17","As-Sweida","As-Sweida",25
"10/31/17","Lattakia","Lattakia",225
"10/31/17","Idleb","Idleb",27035
"10/31/17","Tartous","Tartous",163
"10/31/17","Deir-ez-Zor","Deir-ez-Zor",125145
"10/31/17","Rural Damascus","Rural Damascus",378
"10/31/17","Aleppo","Aleppo",3081
"10/31/17","Al-Hasakeh","Al-Hasakeh",885
"10/31/17","Quneitra","Quneitra",60
"10/31/17","Dar'a","Dar'a",140
"10/31/17","Damascus","Damascus",726
"10/31/17","Homs","Homs",731
"10/31/17","Hama","Hama",12326
"10/31/17","Ar-Raqqa","Ar-Raqqa",7575
"10/31/17","As-Sweida","As-Sweida",15
"11/30/17","Deir-ez-Zor","Deir-ez-Zor",14376
"11/30/17","Aleppo","Aleppo",9997
"11/30/17","Hama","Hama",2864
"11/30/17","Rural Damascus","Rural Damascus",364
"11/30/17","Lattakia","Lattakia",489
"11/30/17","Idleb","Idleb",16956
"11/30/17","Dar'a","Dar'a",12
"11/30/17","As-Sweida","As-Sweida",23
"11/30/17","Ar-Raqqa","Ar-Raqqa",249
"11/30/17","Tartous","Tartous",190
"11/30/17","Damascus","Damascus",311
"11/30/17","Homs","Homs",205
"11/30/17","Al-Hasakeh","Al-Hasakeh",286
"11/30/17","Quneitra","Quneitra",5
"12/31/17","Al-Hasakeh","Al-Hasakeh",6
"12/31/17","Aleppo","Aleppo",2611
"12/31/17","Rural Damascus","Rural Damascus",5520
"12/31/17","Hama","Hama",8895
"12/31/17","Idleb","Idleb",66605
"1/31/18","Aleppo","Aleppo",16724
"1/31/18","Idleb","Idleb",159235
